<?xml version="1.0" encoding="UTF-8"?>
<beans:beans xmlns="http://www.springframework.org/schema/mvc"
	xmlns:xsi="http://www.w3.org/2001/XMLSchema-instance"
	xmlns:beans="http://www.springframework.org/schema/beans"
	xmlns:context="http://www.springframework.org/schema/context"
	xmlns:task="http://www.springframework.org/schema/task"
	xsi:schemaLocation="http://www.springframework.org/schema/mvc https://www.springframework.org/schema/mvc/spring-mvc.xsd
		http://www.springframework.org/schema/task http://www.springframework.org/schema/task/spring-task-4.3.xsd
		http://www.springframework.org/schema/beans https://www.springframework.org/schema/beans/spring-beans.xsd
		http://www.springframework.org/schema/context https://www.springframework.org/schema/context/spring-context.xsd">

	<!-- DispatcherServlet Context: defines this servlet's request-processing infrastructure -->
	
	<!-- Enables the Spring MVC @Controller programming model -->
	<annotation-driven />

	<!-- 웹 리소스 위치(location)에 대한 URL 맵핑(mapping) -->
    <!-- Handles HTTP GET requests for /resources/** by efficiently serving up static resources in the ${webappRoot}/resources directory -->
    <!--resources mapping="/resources/**" location="/resources/" /-->
    <resources mapping="/assets/**" location="/WEB-INF/views/assets/" />

	<!-- Resolves views selected for rendering by @Controllers to .jsp resources in the /WEB-INF/views directory -->
	<beans:bean class="org.springframework.web.servlet.view.InternalResourceViewResolver">
		<beans:property name="prefix" value="/WEB-INF/views/" />
		<beans:property name="suffix" value=".jsp" />
	</beans:bean>
	
	<!-- 컨트롤러나 서비스의 구현체가 포함되어 있는 패키지들 나열 -->
    <context:component-scan base-package="study.spring.springhelper.controllers" />
    <context:component-scan base-package="study.spring.springhelper.scheduler" />  
    
    
    <context:component-scan base-package="study.spring.springhelper.service.impl" />
	
    <!-- 인터셉터 등록 -->
    <interceptors>
        <interceptor>
            <mapping path="/**" />
            <beans:bean id="appInterceptor" class="study.spring.springhelper.interceptor.AppInterceptor" />
        </interceptor>
    </interceptors>
    
    <!-- 스케쥴러 어노테잇녀선언 -->
    <task:annotation-driven/>
    
    <beans:bean id="scheduleJob" class="study.spring.springhelper.scheduler.MovieRankScheduler" />
    
    <task:scheduled-tasks>
   
    <task:scheduled ref="scheduleJob" method="collectMovieRank" cron="0/30 * * * * ?" /> 
    <task:scheduled ref="scheduleJob" method="collectMovieRank" cron="0 10 0 * * ?" />
    
    </task:scheduled-tasks>
   
	
</beans:beans>
