<?xml version="1.0" encoding="UTF-8"?>
<!DOCTYPE log4j:configuration SYSTEM "http://logging.apache.org/log4j/1.2/apidocs/org/apache/log4j/xml/doc-files/log4j.dtd">
<log4j:configuration xmlns:log4j="http://jakarta.apache.org/log4j/">

    <!-- 이클립스 콘솔에 출력되는 설정 -->
    <appender name="console" class="org.apache.log4j.ConsoleAppender">
        <param name="Target" value="System.out" />
        <!-- 로그의 출력패턴 정의 -->
        <layout class="org.apache.log4j.PatternLayout">
            <param name="ConversionPattern" value="[%d{yyyy-MM-dd HH:mm:ss.SSS}][%-5p] %C{1}.%M(%F:%L) %m%n" />
        </layout>
    </appender>

    <!-- 파일로 기록되는 로그 설정 -->
    <appender name="rollingFile" class="org.apache.log4j.RollingFileAppender">
        <!-- 로그 파일 생성위치 -->
        <param name="file" value="log/web.log" />
        <param name="Append" value="true" />
        <!-- 로그 파일 하나당 사이즈 100m -->
        <param name="MaxFileSize" value="100mb" />
        <!-- 최대 생성 파일수 ( 50개가 넘으면 순차적으로 파일이 삭제됨 ) -->
        <param name="MaxBackupIndex" value="50" />
        <!-- 로그의 출력패턴 정의 -->
        <layout class="org.apache.log4j.PatternLayout">
            <param name="ConversionPatternz" value="[%d{yyyy-MM-dd HH:mm:ss.SSS}][%-5p] %C{1}.%M(%F:%L) %m%n" />
        </layout>
    </appender>

    <!-- 날짜별 에러 로그 생성 -->
    <appender name="errorFile" class="org.apache.log4j.DailyRollingFileAppender">
        <!-- 에러와 관련된 로그만 기록하도록 지정 -->
        <param name="Threshold" value="ERROR" />
        <!-- 로그 파일 생성위치 -->
        <param name="File" value="log/error.log" />
        <!-- 하루에 한 개씩 날짜를 적용하며 파일이름이 생성되도록 함 -->
        <param name="Append" value="true" />
        <param name="DatePattern" value="'.'yyMMdd" />
        <!-- 로그의 출력패턴 정의 -->
        <layout class="org.apache.log4j.PatternLayout">
            <param name="ConversionPattern" value="[%d{yyyy-MM-dd HH:mm:ss.SSS}][%-5p] %C{1}.%M(%F:%L) %m%n" />
        </layout>
    </appender>
	
	    <!-- Application Loggers -->
	    <!-- study.jsp.model1 패키지 하위의 모든 클래스에서 발생하는 로그를 기록함 프로젝트 상황에 맞게 수정필요. -->
	    <logger name="study.spring.springhelper">
        <level value="debug" />
    </logger>

    <!-- DATABASE 연동 관련 로그 설정 시작 -->
    <logger name="org.apache.ibatis">
        <level value="DEBUG" />
    </logger>
    <logger name="jdbc.sqlonly">
        <level value="INFO" />
    </logger>
    <logger name="jdbc.sqltiming">
        <level value="OFF" />
    </logger>
    <logger name="jdbc.audit">
        <level value="OFF" />
    </logger>
    <logger name="jdbc.resultset">
        <level value="ERROR" />
    </logger>
    <logger name="jdbc.resultsettable">
        <level value="DEBUG" />
    </logger>
    <logger name="jdbc.connection">
        <level value="ERROR" />
    </logger>
    <logger name="log4jdbc.debug">
        <level value="ERROR" />
    </logger>

    <!-- Root Logger -->
    <root>
        <appender-ref ref="console" />
        <appender-ref ref="rollingFile" />
        <appender-ref ref="errorFile" />
    </root>

</log4j:configuration>
