<?xml version="1.0" encoding="UTF-8"?>
<!DOCTYPE mapper PUBLIC "-//mybatis.org//DTD Mapper 3.0//EN" 
    "http://mybatis.org/dtd/mybatis-3-mapper.dtd">

<mapper namespace="DepartmentMapper">

    <!-- Beans 클래스의 객체이름(id)과 클래스이름(type)을 명시한다. -->
    <resultMap id="departmentMap" type="study.spring.springhelper.model.Department">
        <!-- Beans의 멤버변수(property)이름과 대상 테이블의 컬럼(column)을 연결한다. -->
        <result property="deptno" column="deptno" />
        <result property="dname" column="dname" />
        <result property="loc" column="loc" />
    </resultMap>

    <!-- 단일행 조회를 위한 기능 정의 -->
    <select id="selectItem" parameterType="study.spring.springhelper.model.Department"
        resultMap="departmentMap">
        SELECT deptno, dname, loc FROM department WHERE deptno=#{deptno};
    </select>

    <!-- 다중행 조회를 위한 기능 정의 -->
    <select id="selectList"
        parameterType="study.spring.springhelper.model.Department"
        resultMap="departmentMap">
        SELECT deptno, dname, loc FROM department
        
        <where>
            <if test="dname != null and dname != ''">
                dname LIKE concat('%', #{dname}, '%')
            </if>
            
            <if test="loc != null and loc != ''">
                OR loc LIKE concat('%', #{loc}, '%')
            </if>
        </where>
                 
        ORDER BY deptno DESC
        
        <if test="listCount > 0">
        	LIMIT #{offset}, #{listCount}
        </if>
    </select>

    <!-- 데이터 저장을 위한 기능 정의 -->
    <insert id="insertItem"
        parameterType="study.spring.springhelper.model.Department"
        useGeneratedKeys="true"
        keyProperty="deptno">
        INSERT INTO department (dname, loc) VALUES (#{dname}, #{loc});
    </insert>

    <!-- 데이터 삭제를 위한 기능 정의 -->
    <delete id="deleteItem"
        parameterType="study.spring.springhelper.model.Department">
        DELETE FROM department WHERE deptno=#{deptno};
    </delete>

    <!-- 데이터 갱신을 위한 기능 정의 -->
    <update id="updateItem"
        parameterType="study.spring.springhelper.model.Department">
        UPDATE department SET dname=#{dname}, loc=#{loc}
        WHERE deptno=#{deptno};
    </update>
    
    <!-- 데이터 수 조회하기  -->
    <select id="selectCountAll" 
            parameterType="study.spring.springhelper.model.Department"
            resultType="int">
        SELECT COUNT(*) FROM department
        
        <where>
            <if test="dname != null and dname != ''">
                dname LIKE concat('%', #{dname}, '%')
            </if>
            
            <if test="loc != null and loc != ''">
                OR loc LIKE concat('%', #{loc}, '%')
            </if>
        </where>
       
    </select>

</mapper>
